{"Logistic Regression":{"0":{"precision":0.7894736842,"recall":0.8426966292,"f1-score":0.8152173913,"support":89.0},"1":{"precision":0.8666666667,"recall":0.8198198198,"f1-score":0.8425925926,"support":111.0},"accuracy":0.83,"macro avg":{"precision":0.8280701754,"recall":0.8312582245,"f1-score":0.8289049919,"support":200.0},"weighted avg":{"precision":0.8323157895,"recall":0.83,"f1-score":0.830410628,"support":200.0}},"K-Nearest Neighbors":{"0":{"precision":0.7425742574,"recall":0.8426966292,"f1-score":0.7894736842,"support":89.0},"1":{"precision":0.8585858586,"recall":0.7657657658,"f1-score":0.8095238095,"support":111.0},"accuracy":0.8,"macro avg":{"precision":0.800580058,"recall":0.8042311975,"f1-score":0.7994987469,"support":200.0},"weighted avg":{"precision":0.8069606961,"recall":0.8,"f1-score":0.8006015038,"support":200.0}},"Decision Tree Classifier":{"0":{"precision":0.8152173913,"recall":0.8426966292,"f1-score":0.8287292818,"support":89.0},"1":{"precision":0.8703703704,"recall":0.8468468468,"f1-score":0.8584474886,"support":111.0},"accuracy":0.845,"macro avg":{"precision":0.8427938808,"recall":0.844771738,"f1-score":0.8435883852,"support":200.0},"weighted avg":{"precision":0.8458272947,"recall":0.845,"f1-score":0.8452228866,"support":200.0}},"Random Forest Classifier":{"0":{"precision":0.8181818182,"recall":0.9101123596,"f1-score":0.8617021277,"support":89.0},"1":{"precision":0.9207920792,"recall":0.8378378378,"f1-score":0.8773584906,"support":111.0},"accuracy":0.87,"macro avg":{"precision":0.8694869487,"recall":0.8739750987,"f1-score":0.8695303091,"support":200.0},"weighted avg":{"precision":0.8751305131,"recall":0.87,"f1-score":0.8703914091,"support":200.0}},"Support Vector Machine":{"0":{"precision":0.7669902913,"recall":0.8876404494,"f1-score":0.8229166667,"support":89.0},"1":{"precision":0.8969072165,"recall":0.7837837838,"f1-score":0.8365384615,"support":111.0},"accuracy":0.83,"macro avg":{"precision":0.8319487539,"recall":0.8357121166,"f1-score":0.8297275641,"support":200.0},"weighted avg":{"precision":0.8390941848,"recall":0.83,"f1-score":0.8304767628,"support":200.0}}}